일자,시가,고가,저가,종가,거래량,등락률,기관 합계,기타법인,개인,외국인 합계,전체,공매도,공매도비중,공매도잔고,공매도잔고비중
2026-02-06,107600,117900,101500,113300,261995,5.199628597957289,73534.0,-13776.0,-45268.0,-14490.0,0.0,7920.0,2.390000104904175,0.0,0.0
2026-02-05,109000,112000,106300,107700,119239,-6.833910034602077,22984.0,-123.0,6949.0,-29810.0,0.0,5366.0,3.4700000286102295,0.0,0.0
2026-02-04,114500,118000,112000,115600,79941,1.4925373134328357,7268.0,960.0,2601.0,-10829.0,0.0,3697.0,3.4100000858306885,0.0,0.0
2026-02-03,103400,116700,100600,113900,282733,15.987780040733199,113350.0,607.0,-101735.0,-12222.0,0.0,6406.0,1.659999966621399,0.0,0.0
2026-02-02,92300,108300,90900,98200,262611,3.1512605042016806,57968.0,-8047.0,-67827.0,17906.0,0.0,3977.0,1.1200000047683716,0.0,0.0
2026-01-30,98500,99900,94400,95200,118910,-4.8,-22249.0,1036.0,18178.0,3035.0,0.0,2403.0,1.5399999618530273,0.0,0.0
2026-01-29,101000,102200,94500,100000,123295,0.9081735620585267,-7344.0,532.0,-16764.0,23576.0,0.0,1915.0,1.1699999570846558,0.0,0.0
2026-01-28,94600,101600,94400,99100,259322,10.602678571428571,19509.0,-326.0,-63560.0,44377.0,0.0,17497.0,4.71999979019165,0.0,0.0
2026-01-27,84700,89900,84300,89600,113915,5.535924617196701,29959.0,-4.0,-32446.0,2491.0,0.0,10692.0,6.920000076293945,10000.0,0.15000000596046448
2026-01-26,85600,85900,82600,84900,184738,-0.9334889148191364,-16001.0,-7758.0,-28797.0,52556.0,0.0,942.0,0.4300000071525574,10000.0,0.1500000059604644
2026-01-23,90000,90100,84500,85700,120808,-5.720572057205721,-12122.0,318.0,40015.0,-28211.0,0.0,6136.0,3.700000047683716,29771.0,0.4399999976158142
2026-01-22,85500,91800,83300,90900,120744,5.574912891986063,19812.0,3990.0,-20897.0,-2905.0,0.0,8654.0,5.079999923706055,19056.0,0.2800000011920929
2026-01-21,87000,88600,82500,86100,120729,-1.6,4000.0,9900.0,10849.0,-24749.0,0.0,7703.0,4.639999866485596,26515.0,0.3899999856948852
2026-01-20,85500,88800,82000,87500,86596,2.219626168224299,7547.0,-3018.0,-8224.0,3695.0,0.0,3925.0,2.900000095367432,20787.0,0.3100000023841858
2026-01-19,87800,87800,85000,85600,69086,-0.5807200929152149,-3396.0,-2339.0,1190.0,4545.0,0.0,4158.0,4.510000228881836,24507.0,0.3600000143051147
2026-01-16,88800,89500,85000,86100,95174,-1.3745704467353952,-4273.0,-9677.0,5768.0,8182.0,0.0,4789.0,3.759999990463257,21301.0,0.3199999928474426
2026-01-15,89800,90400,86300,87300,75135,-2.130044843049327,0.0,0.0,0.0,0.0,0.0,0.0,0.0,0.0,0.0
2026-01-14,91200,94400,87400,89200,179148,-2.5136612021857925,0.0,0.0,0.0,0.0,0.0,0.0,0.0,0.0,0.0
2026-01-13,87700,92500,85100,91500,160151,5.658198614318707,0.0,0.0,0.0,0.0,0.0,0.0,0.0,0.0,0.0
2026-01-12,86000,87700,84500,86600,130074,6.519065190651907,0.0,0.0,0.0,0.0,0.0,0.0,0.0,0.0,0.0
2026-01-09,87000,88800,80400,81300,169920,-2.283653846153846,0.0,0.0,0.0,0.0,0.0,0.0,0.0,0.0,0.0
2026-01-08,90300,92200,81300,83200,157048,-2.9171528588098017,0.0,0.0,0.0,0.0,0.0,0.0,0.0,0.0,0.0
2026-01-07,87400,88200,84000,85700,101469,-2.613636363636364,0.0,0.0,0.0,0.0,0.0,0.0,0.0,0.0,0.0
2026-01-06,86700,90850,83100,88000,86497,-0.7891770011273956,0.0,0.0,0.0,0.0,0.0,0.0,0.0,0.0,0.0
2026-01-05,81500,89300,80400,88700,276161,12.420785804816225,0.0,0.0,0.0,0.0,0.0,0.0,0.0,0.0,0.0
2026-01-02,72400,79800,72400,78900,212992,9.735744089012517,0.0,0.0,0.0,0.0,0.0,0.0,0.0,0.0,0.0
2025-12-30,66200,73200,65700,71900,170650,8.610271903323262,0.0,0.0,0.0,0.0,0.0,0.0,0.0,0.0,0.0
2025-12-29,68900,69200,64000,66200,180947,-3.498542274052478,0.0,0.0,0.0,0.0,0.0,0.0,0.0,0.0,0.0
2025-12-26,68697,69960,66462,68600,88341,-0.1411997612705067,0.0,0.0,0.0,0.0,0.0,0.0,0.0,0.0,0.0
2025-12-24,66753,69571,64421,68697,147807,2.912228663880275,0.0,0.0,0.0,0.0,0.0,0.0,0.0,0.0,0.0
2025-12-23,71806,71806,66656,66753,133028,-7.037016405314319,0.0,0.0,0.0,0.0,0.0,0.0,0.0,0.0,0.0
2025-12-22,72583,75596,70834,71806,186127,0.1352689341644703,0.0,0.0,0.0,0.0,0.0,0.0,0.0,0.0,0.0
2025-12-19,70057,74430,69474,71709,161249,4.53206997084548,0.0,0.0,0.0,0.0,0.0,0.0,0.0,0.0,0.0
2025-12-18,69085,69960,66073,68600,105624,-2.2151267212133305,0.0,0.0,0.0,0.0,0.0,0.0,0.0,0.0,0.0
2025-12-17,70932,72972,69280,70154,87899,1.261547344110855,0.0,0.0,0.0,0.0,0.0,0.0,0.0,0.0,0.0
2025-12-16,70737,70834,66170,69280,177902,-2.05974242617018,0.0,0.0,0.0,0.0,0.0,0.0,0.0,0.0,0.0
2025-12-15,74624,74624,69183,70737,205127,-9.000038593647485,0.0,0.0,0.0,0.0,0.0,0.0,0.0,0.0,0.0
2025-12-12,75790,79677,74235,77733,152865,2.563662752341997,0.0,0.0,0.0,0.0,0.0,0.0,0.0,0.0,0.0
2025-12-11,71417,81231,67725,75790,468620,4.138613317211245,0.0,0.0,0.0,0.0,0.0,0.0,0.0,0.0,0.0
2025-12-10,71612,76664,70057,72778,138803,2.744444758166982,0.0,0.0,0.0,0.0,0.0,0.0,0.0,0.0,0.0
2025-12-09,69474,71806,65004,70834,178239,-0.2745357530022948,0.0,0.0,0.0,0.0,0.0,0.0,0.0,0.0,0.0
2025-12-08,75790,75790,69863,71029,147847,-6.281831376170999,0.0,0.0,0.0,0.0,0.0,0.0,0.0,0.0,0.0
2025-12-05,77733,79288,74041,75790,101358,-0.2553169088229101,0.0,0.0,0.0,0.0,0.0,0.0,0.0,0.0,0.0
2025-12-04,74138,76956,72098,75984,211953,0.9030064803994476,0.0,0.0,0.0,0.0,0.0,0.0,0.0,0.0,0.0
2025-12-03,65199,77345,63255,75304,769296,19.414535132649338,0.0,0.0,0.0,0.0,0.0,0.0,0.0,0.0,0.0
2025-12-02,60729,65587,59271,63061,452968,3.344804981973124,0.0,0.0,0.0,0.0,0.0,0.0,0.0,0.0,0.0
2025-12-01,58688,62089,57037,61020,204541,4.4916690925903735,0.0,0.0,0.0,0.0,0.0,0.0,0.0,0.0,0.0
2025-11-28,57037,58397,56162,58397,81579,2.037357376247139,0.0,0.0,0.0,0.0,0.0,0.0,0.0,0.0,0.0
2025-11-27,57620,58105,54802,57231,141853,0.5128295193101389,0.0,0.0,0.0,0.0,0.0,0.0,0.0,0.0,0.0
2025-11-26,60437,60535,56065,56939,194096,-7.717865188570687,0.0,0.0,0.0,0.0,0.0,0.0,0.0,0.0,0.0
2025-11-25,58203,61701,54802,61701,354776,7.810452377208156,0.0,0.0,0.0,0.0,0.0,0.0,0.0,0.0,0.0
2025-11-24,52275,58203,48583,57231,323341,10.923539102626222,0.0,0.0,0.0,0.0,0.0,0.0,0.0,0.0,0.0
2025-11-21,52470,52956,50721,51595,163606,-6.679568803356967,0.0,0.0,0.0,0.0,0.0,0.0,0.0,0.0,0.0
2025-11-20,51207,55676,51012,55288,342100,12.230274242331973,0.0,0.0,0.0,0.0,0.0,0.0,0.0,0.0,0.0
2025-11-19,48194,51401,48194,49263,67344,0.3953616336179665,0.0,0.0,0.0,0.0,0.0,0.0,0.0,0.0,0.0
2025-11-18,50818,51207,48292,49069,123571,-3.4416938879924435,0.0,0.0,0.0,0.0,0.0,0.0,0.0,0.0,0.0
2025-11-17,44988,51304,44988,50818,247071,15.453471464921847,0.0,0.0,0.0,0.0,0.0,0.0,0.0,0.0,0.0
2025-11-14,46640,48437,43239,44016,344243,-11.867528983040666,0.0,0.0,0.0,0.0,0.0,0.0,0.0,0.0,0.0
2025-11-13,50138,51012,48777,49943,89890,-0.3889265626869839,0.0,0.0,0.0,0.0,0.0,0.0,0.0,0.0,0.0
2025-11-12,51012,51887,49069,50138,99696,-2.823917046225409,0.0,0.0,0.0,0.0,0.0,0.0,0.0,0.0,0.0
2025-11-11,53927,53927,50041,51595,136825,-3.102522207823915,0.0,0.0,0.0,0.0,0.0,0.0,0.0,0.0,0.0
2025-11-10,52470,53441,50526,53247,60623,2.813284417841282,0.0,0.0,0.0,0.0,0.0,0.0,0.0,0.0,0.0
2025-11-07,51595,54413,51109,51790,73046,-2.20182793262331,0.0,0.0,0.0,0.0,0.0,0.0,0.0,0.0,0.0
2025-11-06,55871,57814,51790,52956,130856,-1.44603874713863,0.0,0.0,0.0,0.0,0.0,0.0,0.0,0.0,0.0
2025-11-05,54607,55190,50624,53733,148002,-4.324988426338093,0.0,0.0,0.0,0.0,0.0,0.0,0.0,0.0,0.0
2025-11-04,54996,57231,54219,56162,174307,4.332156789894111,0.0,0.0,0.0,0.0,0.0,0.0,0.0,0.0,0.0
2025-11-03,54024,56259,52470,53830,131788,0.5435290162311586,0.0,0.0,0.0,0.0,0.0,0.0,0.0,0.0,0.0
2025-10-31,54705,55676,53247,53539,208405,-3.163435103458255,0.0,0.0,0.0,0.0,0.0,0.0,0.0,0.0,0.0
2025-10-30,59563,62284,54705,55288,368658,-8.372555518727212,0.0,0.0,0.0,0.0,0.0,0.0,0.0,0.0,0.0
2025-10-29,59369,60535,56065,60340,486185,5.076186329995647,0.0,0.0,0.0,0.0,0.0,0.0,0.0,0.0,0.0
2025-10-28,51012,59077,49360,57425,513369,12.571551791735278,0.0,0.0,0.0,0.0,0.0,0.0,0.0,0.0,0.0
2025-10-27,46445,51498,46445,51012,272055,10.293831484724654,0.0,0.0,0.0,0.0,0.0,0.0,0.0,0.0,0.0
2025-10-24,48875,48875,45425,46251,144632,-4.321472900289615,0.0,0.0,0.0,0.0,0.0,0.0,0.0,0.0,0.0
2025-10-23,46251,50429,44988,48340,231481,4.516659099262719,0.0,0.0,0.0,0.0,0.0,0.0,0.0,0.0,0.0
2025-10-22,46008,46445,44696,46251,51337,1.276605062625909,0.0,0.0,0.0,0.0,0.0,0.0,0.0,0.0,0.0
2025-10-21,48097,48146,45134,45668,157292,-4.080989687257146,0.0,0.0,0.0,0.0,0.0,0.0,0.0,0.0,0.0
2025-10-20,50332,51207,46883,47611,177463,-5.406103472939681,0.0,0.0,0.0,0.0,0.0,0.0,0.0,0.0,0.0
2025-10-17,51984,52567,49943,50332,112956,-3.3582304487241026,0.0,0.0,0.0,0.0,0.0,0.0,0.0,0.0,0.0
2025-10-16,51790,53539,50721,52081,109484,-0.1859021043351604,0.0,0.0,0.0,0.0,0.0,0.0,0.0,0.0,0.0
2025-10-15,47903,53636,47903,52178,218357,8.924284491576728,0.0,0.0,0.0,0.0,0.0,0.0,0.0,0.0,0.0
2025-10-14,52761,54510,46251,47903,304669,1.0249488580045132,0.0,0.0,0.0,0.0,0.0,0.0,0.0,0.0,0.0
2025-10-13,47223,48389,45765,47417,80486,-1.014550236937144,0.0,0.0,0.0,0.0,0.0,0.0,0.0,0.0,0.0
2025-10-10,50235,50332,47126,47903,153579,-3.710627349293453,0.0,0.0,0.0,0.0,0.0,0.0,0.0,0.0,0.0
2025-10-02,54802,54899,49263,49749,144283,-5.535090384323257,0.0,0.0,0.0,0.0,0.0,0.0,0.0,0.0,0.0
2025-10-01,50818,55093,50138,52664,386482,11.293322062552832,0.0,0.0,0.0,0.0,0.0,0.0,0.0,0.0,0.0
2025-09-30,47417,48875,46543,47320,113181,2.3113013772675184,0.0,0.0,0.0,0.0,0.0,0.0,0.0,0.0,0.0
2025-09-29,43968,46931,43142,46251,122415,5.895686418170162,0.0,0.0,0.0,0.0,0.0,0.0,0.0,0.0,0.0
2025-09-26,44162,45279,43287,43676,165075,-0.9906376805023462,0.0,0.0,0.0,0.0,0.0,0.0,0.0,0.0,0.0
2025-09-25,53247,53247,43870,44113,615788,-17.154018066745543,0.0,0.0,0.0,0.0,0.0,0.0,0.0,0.0,0.0
2025-09-24,55385,56162,52275,53247,193632,-5.6807312147943465,0.0,0.0,0.0,0.0,0.0,0.0,0.0,0.0,0.0
2025-09-23,52081,62284,51692,56454,766026,9.21225721581676,0.0,0.0,0.0,0.0,0.0,0.0,0.0,0.0,0.0
2025-09-22,51692,52373,50429,51692,88240,0.3767136587828654,0.0,0.0,0.0,0.0,0.0,0.0,0.0,0.0,0.0
2025-09-19,53927,53927,51304,51498,118773,-4.332156789894111,0.0,0.0,0.0,0.0,0.0,0.0,0.0,0.0,0.0
2025-09-18,50332,55579,49846,53830,332090,10.579293344289235,0.0,0.0,0.0,0.0,0.0,0.0,0.0,0.0,0.0
2025-09-17,50041,52178,48583,48680,159232,-1.765714862274241,0.0,0.0,0.0,0.0,0.0,0.0,0.0,0.0,0.0
2025-09-16,51498,51741,48777,49555,143227,-3.772962056778904,0.0,0.0,0.0,0.0,0.0,0.0,0.0,0.0,0.0
2025-09-15,51207,52567,49652,51498,128402,0.7611183940206225,0.0,0.0,0.0,0.0,0.0,0.0,0.0,0.0,0.0
2025-09-12,49846,51498,49166,51109,193575,3.951917992108368,0.0,0.0,0.0,0.0,0.0,0.0,0.0,0.0,0.0
2025-09-11,51012,51304,48534,49166,230197,-0.7849863787710625,0.0,0.0,0.0,0.0,0.0,0.0,0.0,0.0,0.0
2025-09-10,47903,50526,47320,49555,354776,9.325361807271443,0.0,0.0,0.0,0.0,0.0,0.0,0.0,0.0,0.0
2025-09-09,46445,46785,43725,45328,89516,-2.40499515556034,0.0,0.0,0.0,0.0,0.0,0.0,0.0,0.0,0.0
2025-09-08,44745,46931,44405,46445,104348,3.7993071851603535,0.0,0.0,0.0,0.0,0.0,0.0,0.0,0.0,0.0
2025-09-05,42267,45134,42170,44745,114675,5.136398881552668,0.0,0.0,0.0,0.0,0.0,0.0,0.0,0.0,0.0
2025-09-04,43628,44016,41538,42559,110906,-2.450261300082516,0.0,0.0,0.0,0.0,0.0,0.0,0.0,0.0,0.0
2025-09-03,46057,46543,42462,43628,138098,-3.2316735056005323,0.0,0.0,0.0,0.0,0.0,0.0,0.0,0.0,0.0
2025-09-02,43725,47126,42607,45085,259789,3.1103487707261293,0.0,0.0,0.0,0.0,0.0,0.0,0.0,0.0,0.0
2025-09-01,45474,45522,40810,43725,296927,-4.254620303056845,0.0,0.0,0.0,0.0,0.0,0.0,0.0,0.0,0.0
2025-08-29,44259,46591,42170,45668,403859,6.69594878743984,0.0,0.0,0.0,0.0,0.0,0.0,0.0,0.0,0.0
2025-08-28,37069,43482,36972,42802,337599,13.971508454267076,0.0,0.0,0.0,0.0,0.0,0.0,0.0,0.0,0.0
2025-08-27,38381,41150,37215,37555,235143,0.2616333395626986,0.0,0.0,0.0,0.0,0.0,0.0,0.0,0.0,0.0
2025-08-26,35271,38332,35174,37457,121185,4.610959057141261,0.0,0.0,0.0,0.0,0.0,0.0,0.0,0.0,0.0
2025-08-25,35077,36340,34202,35806,104834,6.813435952508801,0.0,0.0,0.0,0.0,0.0,0.0,0.0,0.0,0.0
2025-08-22,31384,35320,31093,33522,141452,7.982218786238887,0.0,0.0,0.0,0.0,0.0,0.0,0.0,0.0,0.0
2025-08-21,31530,32356,30607,31044,50917,-1.3912712025919574,0.0,0.0,0.0,0.0,0.0,0.0,0.0,0.0,0.0
2025-08-20,32259,33085,30996,31482,77189,-4.845095964938794,0.0,0.0,0.0,0.0,0.0,0.0,0.0,0.0,0.0
2025-08-19,36049,36389,33036,33085,121827,-7.848926273570454,0.0,0.0,0.0,0.0,0.0,0.0,0.0,0.0,0.0
2025-08-18,31676,37603,31579,35903,479119,13.16942474389283,0.0,0.0,0.0,0.0,0.0,0.0,0.0,0.0,0.0
2025-08-14,28324,32696,28324,31725,239602,11.245529139490849,0.0,0.0,0.0,0.0,0.0,0.0,0.0,0.0,0.0
2025-08-13,28178,28664,28032,28518,14406,1.3829144299477407,0.0,0.0,0.0,0.0,0.0,0.0,0.0,0.0,0.0
2025-08-12,28081,29004,27692,28129,24265,0.0,0.0,0.0,0.0,0.0,0.0,0.0,0.0,0.0,0.0
2025-08-11,28372,28518,27692,28129,9197,0.1709340835440333,0.0,0.0,0.0,0.0,0.0,0.0,0.0,0.0,0.0
2025-08-08,27692,28275,27352,28081,18244,2.302451819738424,0.0,0.0,0.0,0.0,0.0,0.0,0.0,0.0,0.0
2025-08-07,27303,28081,26866,27449,9091,0.5347397721862066,0.0,0.0,0.0,0.0,0.0,0.0,0.0,0.0,0.0
2025-08-06,26963,27886,26866,27303,12016,1.6265912305516266,0.0,0.0,0.0,0.0,0.0,0.0,0.0,0.0,0.0
2025-08-05,27789,27789,26575,26866,29427,0.5464071856287426,0.0,0.0,0.0,0.0,0.0,0.0,0.0,0.0,0.0
2025-08-04,26623,27303,26575,26720,33555,0.1799640071985603,0.0,0.0,0.0,0.0,0.0,0.0,0.0,0.0,0.0
2025-08-01,27692,27741,26429,26672,17620,-3.6833742597139967,0.0,0.0,0.0,0.0,0.0,0.0,0.0,0.0,0.0
2025-07-31,28275,28275,27352,27692,20894,-1.2128995433789953,0.0,0.0,0.0,0.0,0.0,0.0,0.0,0.0,0.0
2025-07-30,27546,28469,27546,28032,10792,1.7643214985841864,0.0,0.0,0.0,0.0,0.0,0.0,0.0,0.0,0.0
2025-07-29,28275,28275,27303,27546,17240,-2.5782493368700266,0.0,0.0,0.0,0.0,0.0,0.0,0.0,0.0,0.0
2025-07-28,28129,28567,27692,28275,23390,-1.1881880132797484,0.0,0.0,0.0,0.0,0.0,0.0,0.0,0.0,0.0
2025-07-25,29150,29733,27838,28615,28228,3.8807812386553406,0.0,0.0,0.0,0.0,0.0,0.0,0.0,0.0,0.0
2025-07-24,28567,28664,27255,27546,24112,-2.911321020724658,0.0,0.0,0.0,0.0,0.0,0.0,0.0,0.0,0.0
2025-07-23,28761,28810,27838,28372,15001,-1.3525259900559785,0.0,0.0,0.0,0.0,0.0,0.0,0.0,0.0,0.0
2025-07-22,29101,29247,28469,28761,14250,-1.168344730421635,0.0,0.0,0.0,0.0,0.0,0.0,0.0,0.0,0.0
2025-07-21,29393,29635,28615,29101,17153,-0.993433810771272,0.0,0.0,0.0,0.0,0.0,0.0,0.0,0.0,0.0
2025-07-18,29004,29393,28858,29393,6608,1.1737574005232,0.0,0.0,0.0,0.0,0.0,0.0,0.0,0.0,0.0
2025-07-17,28955,29052,28567,29052,17129,0.3350025902262131,0.0,0.0,0.0,0.0,0.0,0.0,0.0,0.0,0.0
2025-07-16,29295,29490,28712,28955,9205,-1.1606076122205151,0.0,0.0,0.0,0.0,0.0,0.0,0.0,0.0,0.0
2025-07-15,29490,30121,29004,29295,8880,-0.6612410986775178,0.0,0.0,0.0,0.0,0.0,0.0,0.0,0.0,0.0
2025-07-14,29635,29733,28810,29490,14311,-0.48928631685507,0.0,0.0,0.0,0.0,0.0,0.0,0.0,0.0,0.0
2025-07-11,29295,29927,29150,29635,12966,0.8233252815296158,0.0,0.0,0.0,0.0,0.0,0.0,0.0,0.0,0.0
2025-07-10,29393,30218,29101,29393,21397,1.0034019449503453,0.0,0.0,0.0,0.0,0.0,0.0,0.0,0.0,0.0
2025-07-09,28372,29150,28227,29101,15145,2.569434653884111,0.0,0.0,0.0,0.0,0.0,0.0,0.0,0.0,0.0
2025-07-08,28129,28518,28081,28372,13179,-0.3407214865292072,0.0,0.0,0.0,0.0,0.0,0.0,0.0,0.0,0.0
2025-07-07,28907,28907,28275,28469,19575,-1.5152039298439823,0.0,0.0,0.0,0.0,0.0,0.0,0.0,0.0,0.0
2025-07-04,29733,29733,28810,28907,14202,-2.778058049978139,0.0,0.0,0.0,0.0,0.0,0.0,0.0,0.0,0.0
2025-07-03,29635,29878,29150,29733,14016,1.156737998843262,0.0,0.0,0.0,0.0,0.0,0.0,0.0,0.0,0.0
2025-07-02,29781,30073,28664,29393,22558,-1.3028440952285014,0.0,0.0,0.0,0.0,0.0,0.0,0.0,0.0,0.0
2025-07-01,30364,30413,29684,29781,20487,-0.1642641635936976,0.0,0.0,0.0,0.0,0.0,0.0,0.0,0.0,0.0
2025-06-30,30121,30656,29635,29830,16923,-0.966103383021812,0.0,0.0,0.0,0.0,0.0,0.0,0.0,0.0,0.0
2025-06-27,30947,31773,29781,30121,37602,-4.1739573060159705,0.0,0.0,0.0,0.0,0.0,0.0,0.0,0.0,0.0
2025-06-26,32308,32988,30850,31433,26683,-2.2666500839500032,0.0,0.0,0.0,0.0,0.0,0.0,0.0,0.0,0.0
2025-06-25,32065,32308,31482,32162,33410,0.3025105254950881,0.0,0.0,0.0,0.0,0.0,0.0,0.0,0.0,0.0
2025-06-24,31579,32113,31093,32065,33980,2.644130734018374,0.0,0.0,0.0,0.0,0.0,0.0,0.0,0.0,0.0
2025-06-23,31336,31870,30316,31239,35589,-0.309548123563952,0.0,0.0,0.0,0.0,0.0,0.0,0.0,0.0,0.0
2025-06-20,31093,33231,30704,31336,111184,2.5426224680126968,0.0,0.0,0.0,0.0,0.0,0.0,0.0,0.0,0.0
2025-06-19,31093,31336,30218,30559,26128,-0.3164144050104384,0.0,0.0,0.0,0.0,0.0,0.0,0.0,0.0,0.0
2025-06-18,30899,31870,30218,30656,39235,-0.7864332179034921,0.0,0.0,0.0,0.0,0.0,0.0,0.0,0.0,0.0
2025-06-17,30899,32550,30316,30899,88776,-1.0883831108550208,0.0,0.0,0.0,0.0,0.0,0.0,0.0,0.0,0.0
2025-06-16,28178,32696,27741,31239,210541,10.105033131256167,0.0,0.0,0.0,0.0,0.0,0.0,0.0,0.0,0.0
2025-06-13,29052,29150,27935,28372,21892,-1.0186994138989671,0.0,0.0,0.0,0.0,0.0,0.0,0.0,0.0,0.0
2025-06-12,29247,29247,28664,28664,15595,-1.9933668410435257,0.0,0.0,0.0,0.0,0.0,0.0,0.0,0.0,0.0
2025-06-11,28664,29344,27401,29247,28230,3.0840265050049345,0.0,0.0,0.0,0.0,0.0,0.0,0.0,0.0,0.0
2025-06-10,28567,29538,28178,28372,33137,-0.6826058038996045,0.0,0.0,0.0,0.0,0.0,0.0,0.0,0.0,0.0
2025-06-09,28275,28858,28129,28567,18783,1.9085331050228311,0.0,0.0,0.0,0.0,0.0,0.0,0.0,0.0,0.0
2025-06-05,28372,28567,27692,28032,21049,-1.198364584801917,0.0,0.0,0.0,0.0,0.0,0.0,0.0,0.0,0.0
2025-06-04,27789,28469,27644,28372,31203,2.633482853422081,0.0,0.0,0.0,0.0,0.0,0.0,0.0,0.0,0.0
2025-06-02,27109,28324,26866,27644,31491,1.7895279475660948,0.0,0.0,0.0,0.0,0.0,0.0,0.0,0.0,0.0
2025-05-30,26818,27158,26478,27158,14683,1.6392215568862274,0.0,0.0,0.0,0.0,0.0,0.0,0.0,0.0,0.0
2025-05-29,25992,27206,25749,26720,17940,2.2305543865018937,0.0,0.0,0.0,0.0,0.0,0.0,0.0,0.0,0.0
2025-05-28,25943,26526,25943,26137,13444,0.7477932390240142,0.0,0.0,0.0,0.0,0.0,0.0,0.0,0.0,0.0
2025-05-27,26235,26283,25797,25943,14747,-1.29361184035308,0.0,0.0,0.0,0.0,0.0,0.0,0.0,0.0,0.0
2025-05-26,27012,27644,26235,26283,28810,-3.7358532029447313,0.0,0.0,0.0,0.0,0.0,0.0,0.0,0.0,0.0
2025-05-23,27206,28178,26380,27303,42959,0.3565389987502756,0.0,0.0,0.0,0.0,0.0,0.0,0.0,0.0,0.0
2025-05-22,26769,28567,26720,27206,85361,1.446789469759117,0.0,0.0,0.0,0.0,0.0,0.0,0.0,0.0,0.0
2025-05-21,29490,33474,26818,26818,338326,-8.909344111952718,0.0,0.0,0.0,0.0,0.0,0.0,0.0,0.0,0.0
2025-05-20,28178,29684,28032,29441,56788,5.026398401826484,0.0,0.0,0.0,0.0,0.0,0.0,0.0,0.0,0.0
2025-05-19,28227,29052,27741,28032,24609,-0.6908279307046444,0.0,0.0,0.0,0.0,0.0,0.0,0.0,0.0,0.0
2025-05-16,28469,28810,27984,28227,27797,-0.8500474200007025,0.0,0.0,0.0,0.0,0.0,0.0,0.0,0.0,0.0
2025-05-15,27498,29393,27206,28469,60900,3.5311659029747617,0.0,0.0,0.0,0.0,0.0,0.0,0.0,0.0,0.0
2025-05-14,26089,27498,25943,27498,35113,5.40074360841734,0.0,0.0,0.0,0.0,0.0,0.0,0.0,0.0,0.0
2025-05-13,26332,26575,26040,26089,12746,-1.1031084154662625,0.0,0.0,0.0,0.0,0.0,0.0,0.0,0.0,0.0
2025-05-12,25409,26720,25409,26380,29014,4.022082018927445,0.0,0.0,0.0,0.0,0.0,0.0,0.0,0.0,0.0
2025-05-09,25457,25749,24583,25360,23139,-0.3810346859409985,0.0,0.0,0.0,0.0,0.0,0.0,0.0,0.0,0.0
2025-05-08,24680,26575,24680,25457,50070,3.1482982171799025,0.0,0.0,0.0,0.0,0.0,0.0,0.0,0.0,0.0
2025-05-07,23854,24729,23465,24680,12146,3.462731617338811,0.0,0.0,0.0,0.0,0.0,0.0,0.0,0.0,0.0
2025-05-02,24291,24437,23660,23854,14164,-1.7990202132477051,0.0,0.0,0.0,0.0,0.0,0.0,0.0,0.0,0.0
2025-04-30,25457,25457,24291,24291,13160,-3.1034345207228053,0.0,0.0,0.0,0.0,0.0,0.0,0.0,0.0,0.0
2025-04-29,25214,25895,24971,25069,22389,-0.3854406739251371,0.0,0.0,0.0,0.0,0.0,0.0,0.0,0.0,0.0
2025-04-28,25020,25603,24801,25166,14350,0.3869320674937173,0.0,0.0,0.0,0.0,0.0,0.0,0.0,0.0,0.0
2025-04-25,25263,25506,24534,25069,18486,1.1785123299834523,0.0,0.0,0.0,0.0,0.0,0.0,0.0,0.0,0.0
2025-04-24,25117,25652,24777,24777,21301,-1.1647851928676851,0.0,0.0,0.0,0.0,0.0,0.0,0.0,0.0,0.0
2025-04-23,24291,25943,24194,25069,56617,4.454166666666667,0.0,0.0,0.0,0.0,0.0,0.0,0.0,0.0,0.0
2025-04-22,23708,24000,23368,24000,14619,0.4058068024934108,0.0,0.0,0.0,0.0,0.0,0.0,0.0,0.0,0.0
2025-04-21,23514,24097,23271,23903,16545,2.71582656525289,0.0,0.0,0.0,0.0,0.0,0.0,0.0,0.0,0.0
2025-04-18,23708,23708,22785,23271,20179,-2.444034543472793,0.0,0.0,0.0,0.0,0.0,0.0,0.0,0.0,0.0
2025-04-17,24048,24583,23514,23854,27372,-0.204995188888424,0.0,0.0,0.0,0.0,0.0,0.0,0.0,0.0,0.0
2025-04-16,23514,23951,23077,23903,11952,1.4429402028604166,0.0,0.0,0.0,0.0,0.0,0.0,0.0,0.0,0.0
2025-04-15,23125,23757,22737,23563,14158,1.042024013722127,0.0,0.0,0.0,0.0,0.0,0.0,0.0,0.0,0.0
2025-04-14,23563,23563,23028,23320,5324,1.2680215389960048,0.0,0.0,0.0,0.0,0.0,0.0,0.0,0.0,0.0
2025-04-11,22542,23028,22008,23028,8905,2.155975512376896,0.0,0.0,0.0,0.0,0.0,0.0,0.0,0.0,0.0
2025-04-10,22251,23320,22008,22542,9468,5.692048012003001,0.0,0.0,0.0,0.0,0.0,0.0,0.0,0.0,0.0
2025-04-09,21668,21959,21133,21328,19346,-2.227927019345375,0.0,0.0,0.0,0.0,0.0,0.0,0.0,0.0,0.0
2025-04-08,20988,22008,20988,21814,17082,4.9103063530996005,0.0,0.0,0.0,0.0,0.0,0.0,0.0,0.0,0.0
2025-04-07,23028,23028,20405,20793,45829,-10.836192109777016,0.0,0.0,0.0,0.0,0.0,0.0,0.0,0.0,0.0
2025-04-04,21668,23417,21668,23320,16067,4.12108764566683,0.0,0.0,0.0,0.0,0.0,0.0,0.0,0.0,0.0
2025-04-03,22056,23174,21376,22397,11483,1.5460645629307217,0.0,0.0,0.0,0.0,0.0,0.0,0.0,0.0,0.0
2025-04-02,22202,22639,21911,22056,7887,-0.8763651071861939,0.0,0.0,0.0,0.0,0.0,0.0,0.0,0.0,0.0
2025-04-01,22056,22445,21911,22251,5404,1.3297508994034335,0.0,0.0,0.0,0.0,0.0,0.0,0.0,0.0,0.0
2025-03-31,22445,22542,21765,21959,18964,-3.4217354972071954,0.0,0.0,0.0,0.0,0.0,0.0,0.0,0.0,0.0
2025-03-28,23320,23320,22591,22737,10876,-2.088536732408923,0.0,0.0,0.0,0.0,0.0,0.0,0.0,0.0,0.0
2025-03-27,23368,23611,23077,23222,11998,0.0,0.0,0.0,0.0,0.0,0.0,0.0,0.0,0.0,0.0
2025-03-26,23611,23611,23028,23222,8829,0.0,0.0,0.0,0.0,0.0,0.0,0.0,0.0,0.0,0.0
2025-03-25,23611,23757,23174,23222,7912,-0.8327283597386514,0.0,0.0,0.0,0.0,0.0,0.0,0.0,0.0,0.0
2025-03-24,23611,23611,22931,23417,5961,1.048588935876413,0.0,0.0,0.0,0.0,0.0,0.0,0.0,0.0,0.0
2025-03-21,23854,23854,23125,23174,18325,-2.8506749392135493,0.0,0.0,0.0,0.0,0.0,0.0,0.0,0.0,0.0
2025-03-20,24000,24340,23222,23854,26602,-1.008424285180728,0.0,0.0,0.0,0.0,0.0,0.0,0.0,0.0,0.0
2025-03-19,24146,24243,23708,24097,8810,1.2266330602814537,0.0,0.0,0.0,0.0,0.0,0.0,0.0,0.0,0.0
2025-03-18,24048,24729,23805,23805,11495,-1.0104790419161676,0.0,0.0,0.0,0.0,0.0,0.0,0.0,0.0,0.0
2025-03-17,24097,24340,23417,24048,13992,-0.2033448147072249,0.0,0.0,0.0,0.0,0.0,0.0,0.0,0.0,0.0
2025-03-14,24048,24291,23757,24097,4653,1.2266330602814537,0.0,0.0,0.0,0.0,0.0,0.0,0.0,0.0,0.0
2025-03-13,24486,24631,23611,23805,9901,-1.0104790419161676,0.0,0.0,0.0,0.0,0.0,0.0,0.0,0.0,0.0
2025-03-12,24583,24971,23903,24048,10265,0.4049935284539267,0.0,0.0,0.0,0.0,0.0,0.0,0.0,0.0,0.0
2025-03-11,24243,24243,23417,23951,12971,-1.3996953604215554,0.0,0.0,0.0,0.0,0.0,0.0,0.0,0.0,0.0
2025-03-10,23805,24826,23465,24291,20492,2.247758555373153,0.0,0.0,0.0,0.0,0.0,0.0,0.0,0.0,0.0
2025-03-07,24777,24777,23465,23757,16601,0.4099746407438715,0.0,0.0,0.0,0.0,0.0,0.0,0.0,0.0,0.0
2025-03-06,24583,24631,23611,23660,11361,-1.8135037556542308,0.0,0.0,0.0,0.0,0.0,0.0,0.0,0.0,0.0
2025-03-05,24291,24680,23805,24097,22388,0.2037591483699268,0.0,0.0,0.0,0.0,0.0,0.0,0.0,0.0,0.0
2025-03-04,24729,24729,23708,24048,28842,-2.942244823828551,0.0,0.0,0.0,0.0,0.0,0.0,0.0,0.0,0.0
2025-02-28,25409,25409,24243,24777,22108,-1.7331641151741095,0.0,0.0,0.0,0.0,0.0,0.0,0.0,0.0,0.0
2025-02-27,25797,26186,25214,25214,20703,-2.07775059225601,0.0,0.0,0.0,0.0,0.0,0.0,0.0,0.0,0.0
2025-02-26,26235,26380,25506,25749,24125,-1.4844855951333358,0.0,0.0,0.0,0.0,0.0,0.0,0.0,0.0,0.0
2025-02-25,26623,26623,25603,26137,7082,-1.1048469484278634,0.0,0.0,0.0,0.0,0.0,0.0,0.0,0.0,0.0
2025-02-24,25943,26769,25457,26429,17019,1.6812865497076022,0.0,0.0,0.0,0.0,0.0,0.0,0.0,0.0,0.0
2025-02-21,25700,26818,25652,25992,21807,-0.9262435677530018,0.0,0.0,0.0,0.0,0.0,0.0,0.0,0.0,0.0
2025-02-20,27303,27303,26137,26235,23190,-2.876499333629498,0.0,0.0,0.0,0.0,0.0,0.0,0.0,0.0,0.0
2025-02-19,26235,27401,26040,27012,22535,4.511336377002244,0.0,0.0,0.0,0.0,0.0,0.0,0.0,0.0,0.0
2025-02-18,25603,26137,25166,25846,19281,1.916403785488959,0.0,0.0,0.0,0.0,0.0,0.0,0.0,0.0,0.0
2025-02-17,24340,25700,24340,25360,20569,4.400806883207772,0.0,0.0,0.0,0.0,0.0,0.0,0.0,0.0,0.0
2025-02-14,24243,25360,23903,24291,28225,1.2125,0.0,0.0,0.0,0.0,0.0,0.0,0.0,0.0,0.0
2025-02-13,23903,24388,23903,24000,12975,1.231651763117935,0.0,0.0,0.0,0.0,0.0,0.0,0.0,0.0,0.0
2025-02-12,24388,24583,23563,23708,16890,-2.788256519599804,0.0,0.0,0.0,0.0,0.0,0.0,0.0,0.0,0.0
2025-02-11,24291,24777,24048,24388,13220,0.3993248528261496,0.0,0.0,0.0,0.0,0.0,0.0,0.0,0.0,0.0
2025-02-10,24097,24437,23028,24291,31199,1.6232272099736431,0.0,0.0,0.0,0.0,0.0,0.0,0.0,0.0,0.0
2025-02-07,25263,25797,23903,23903,70001,-6.460828050403069,0.0,0.0,0.0,0.0,0.0,0.0,0.0,0.0,0.0
2025-02-06,25117,26089,25117,25554,10997,1.1518821992637454,0.0,0.0,0.0,0.0,0.0,0.0,0.0,0.0,0.0
2025-02-05,25797,25797,24777,25263,9105,1.3642017413633991,0.0,0.0,0.0,0.0,0.0,0.0,0.0,0.0,0.0
2025-02-04,24534,25846,24534,24923,19136,0.7845040236159975,0.0,0.0,0.0,0.0,0.0,0.0,0.0,0.0,0.0
2025-02-03,26478,26623,24583,24729,27845,-7.451347305389222,0.0,0.0,0.0,0.0,0.0,0.0,0.0,0.0,0.0
2025-01-31,27061,27206,26623,26720,5948,-1.0810010365763365,0.0,0.0,0.0,0.0,0.0,0.0,0.0,0.0,0.0
2025-01-24,26818,27546,26623,27012,11299,0.7233947348795585,0.0,0.0,0.0,0.0,0.0,0.0,0.0,0.0,0.0
2025-01-23,27401,27692,26769,26818,10308,-2.472907120517856,0.0,0.0,0.0,0.0,0.0,0.0,0.0,0.0,0.0
2025-01-22,27886,28081,27352,27498,11046,-2.076136889711905,0.0,0.0,0.0,0.0,0.0,0.0,0.0,0.0,0.0
2025-01-21,29052,29052,27741,28081,16894,-3.667238421955403,0.0,0.0,0.0,0.0,0.0,0.0,0.0,0.0,0.0
2025-01-20,26478,30801,26478,29150,128243,10.295508721480193,0.0,0.0,0.0,0.0,0.0,0.0,0.0,0.0,0.0
2025-01-17,27692,27692,26235,26429,9729,-3.374524714828897,0.0,0.0,0.0,0.0,0.0,0.0,0.0,0.0,0.0
2025-01-16,27498,27789,27109,27352,7945,0.5366463280158789,0.0,0.0,0.0,0.0,0.0,0.0,0.0,0.0,0.0
2025-01-15,27158,27498,27158,27206,4450,0.1767435009941822,0.0,0.0,0.0,0.0,0.0,0.0,0.0,0.0,0.0
2025-01-14,26915,27401,26672,27158,6189,1.822135572885423,0.0,0.0,0.0,0.0,0.0,0.0,0.0,0.0,0.0
2025-01-13,27303,27303,26380,26672,9985,-2.3111013441746326,0.0,0.0,0.0,0.0,0.0,0.0,0.0,0.0,0.0
2025-01-10,28129,28129,27206,27303,8085,-1.748893447047393,0.0,0.0,0.0,0.0,0.0,0.0,0.0,0.0,0.0
2025-01-09,28372,28372,27498,27789,10404,-1.3805096174320393,0.0,0.0,0.0,0.0,0.0,0.0,0.0,0.0,0.0
2025-01-08,27692,28324,27644,28178,8433,0.8698764990155718,0.0,0.0,0.0,0.0,0.0,0.0,0.0,0.0,0.0
2025-01-07,29635,29635,27935,27935,10030,-1.0344705423884932,0.0,0.0,0.0,0.0,0.0,0.0,0.0,0.0,0.0
2025-01-06,28761,28761,27984,28227,7527,0.5199245041131013,0.0,0.0,0.0,0.0,0.0,0.0,0.0,0.0,0.0
